form,group,mode,n,whole_structure,whole_phi,n_attractors,eoa_verdict,fail_rate,gap_mean,gap_se,agree,t_phi_s,t_eoa_s,horizon,noise,observable,dyadic_multi,dyadic_single
memoryless,g2_core,uniform,3,triadic,2.00000000,3,BREAKING,0.50000000,0.25000000,0.06356514,1,0.09431347,0.00046227,64,0.00000000,"{W,C}",0,0
sticky,g2_core,uniform,3,dyadic,0.00000000,2,BREAKING,1.00000000,0.49218750,0.00201718,0,0.02530690,0.00061414,64,0.00000000,"{W,C}",1,0
xor_memory,g2_core,uniform,3,triadic,2.00000000,2,BREAKING,1.00000000,0.28906250,0.04119196,1,0.09524268,0.00045986,64,0.00000000,"{W,C}",0,0
or_commit,g2_core,uniform,3,triadic,2.00000000,3,BREAKING,0.50000000,0.25000000,0.06356514,1,0.09966016,0.00043018,64,0.00000000,"{W,C}",0,0
sticky_or,g2_core,uniform,3,triadic,2.00000000,2,BREAKING,1.00000000,0.48828125,0.00266848,1,0.08859415,0.00059453,64,0.00000000,"{W,C}",0,0
sticky_parity,g2_core,uniform,3,triadic,0.50000000,2,BREAKING,1.00000000,0.48828125,0.00266848,1,0.08680951,0.00051867,64,0.00000000,"{W,C}",0,0
parity_hub,g2_core,uniform,3,triadic,0.50000000,1,BREAKING,1.00000000,0.47656250,0.00349386,1,0.17587172,0.00048004,64,0.00000000,"{W,C}",0,0
maj3,g2_core,uniform,3,dyadic,0.00000000,2,BREAKING,1.00000000,0.49609375,0.00174693,0,0.01777702,0.00061157,64,0.00000000,"{W,C}",1,0
w_follows_c,g2_core,uniform,3,triadic,2.00000000,2,BREAKING,1.00000000,0.48144531,0.00433077,1,0.14422822,0.00057943,64,0.00000000,"{W,C}",0,0
chat_dyad,classifier,uniform,3,dyadic,0.00000000,6,BREAKING,0.75000000,0.37500000,0.05590170,0,0.00576879,0.00040643,64,0.00000000,"{W,C}",1,0
gig_dyadic_model,classifier,uniform,3,dyadic,0.00000000,1,BREAKING,0.50000000,0.24316406,0.06285655,0,0.00424565,0.00033396,64,0.00000000,"{W,C}",0,1
ats_triad_mediator,classifier,uniform,3,triadic,2.00000000,3,BREAKING,0.50000000,0.25000000,0.06356514,1,0.08787175,0.00045065,64,0.00000000,"{W,C}",0,0
ats_feedback_factors,classifier,uniform,3,dyadic,0.00000000,2,BREAKING,0.62500000,0.31054688,0.06161276,0,0.04964331,0.00056056,64,0.00000000,"{W,C}",1,0
gig_false_dyad,classifier,uniform,3,triadic,2.00000000,1,BREAKING,1.00000000,0.48046875,0.00415852,1,0.10173645,0.00054393,64,0.00000000,"{W,C}",0,0
ejected_latch,ejection,uniform,3,triadic,2.00000000,2,BREAKING,1.00000000,0.48828125,0.00266848,1,0.08838842,0.00048429,64,0.00000000,"{W,C}",0,0
ejected_latch_or,ejection,uniform,3,dyadic,0.00000000,2,BREAKING,1.00000000,0.49218750,0.00201718,0,0.02192460,0.00053870,64,0.00000000,"{W,C}",1,0
rand3_20260930_00,random_n3,uniform,3,dyadic,0.00000000,2,BREAKING,0.50000000,0.24609375,0.06257320,0,0.00329463,0.00055917,64,0.00000000,"{W,C}",1,0
rand3_20260930_01,random_n3,uniform,3,dyadic,0.00000000,2,BREAKING,0.75000000,0.37304688,0.05562579,0,0.00491741,0.00050691,64,0.00000000,"{W,C}",1,0
rand3_20260930_02,random_n3,uniform,3,dyadic,0.00000000,2,BREAKING,1.00000000,0.49414062,0.00241851,0,0.00385652,0.00059941,64,0.00000000,"{W,C}",1,0
rand3_20260930_03,random_n3,uniform,3,dyadic,0.00000000,3,BREAKING,0.50000000,0.25000000,0.06356514,0,0.00388075,0.00052064,64,0.00000000,"{W,C}",1,0
rand3_20260930_04,random_n3,uniform,3,dyadic,0.00000000,2,BREAKING,0.75000000,0.37304688,0.05562579,0,0.00405172,0.00043825,64,0.00000000,"{W,C}",1,0
rand3_20260930_05,random_n3,uniform,3,triadic,1.00000000,2,BREAKING,1.00000000,0.34472656,0.04205875,1,0.12771294,0.00035300,64,0.00000000,"{W,C}",0,0
rand3_20260930_06,random_n3,uniform,3,dyadic,0.00000000,1,BREAKING,1.00000000,0.16210938,0.00241851,0,0.00361555,0.00033613,64,0.00000000,"{W,C}",0,1
rand3_20260930_07,random_n3,uniform,3,dyadic,0.00000000,2,BREAKING,0.75000000,0.37304688,0.05562579,0,0.00347323,0.00044665,64,0.00000000,"{W,C}",1,0
rand3_20260930_08,random_n3,uniform,3,triadic,2.00000000,1,BREAKING,1.00000000,0.47753906,0.00376536,1,0.10266956,0.00047919,64,0.00000000,"{W,C}",0,0
rand3_20260930_09,random_n3,uniform,3,dyadic,0.00000000,2,BREAKING,1.00000000,0.48242188,0.00314932,0,0.00436448,0.00050101,64,0.00000000,"{W,C}",1,0
rand3_20260930_10,random_n3,uniform,3,dyadic,0.00000000,1,BREAKING,1.00000000,0.16406250,0.00201718,0,0.00350047,0.00037635,64,0.00000000,"{W,C}",0,1
rand3_20260930_11,random_n3,uniform,3,triadic,0.83007500,1,BREAKING,0.68750000,0.19628906,0.02610547,1,0.12533157,0.00037233,64,0.00000000,"{W,C}",0,0
rand3_20260930_12,random_n3,uniform,3,dyadic,0.00000000,1,BREAKING,0.50000000,0.12304688,0.03081979,0,0.02930276,0.00031982,64,0.00000000,"{W,C}",0,1
rand3_20260930_13,random_n3,uniform,3,dyadic,0.00000000,2,BREAKING,0.50000000,0.24804688,0.06208972,0,0.00380582,0.00033337,64,0.00000000,"{W,C}",1,0
rand3_20260930_14,random_n3,uniform,3,dyadic,0.00000000,2,BREAKING,1.00000000,0.49023438,0.00314932,0,0.00269868,0.00043243,64,0.00000000,"{W,C}",1,0
rand3_20260930_15,random_n3,uniform,3,dyadic,0.00000000,2,BREAKING,1.00000000,0.49414062,0.00195312,0,0.00200060,0.00045183,64,0.00000000,"{W,C}",1,0
rand3_20260930_16,random_n3,uniform,3,dyadic,0.00000000,2,BREAKING,0.25000000,0.12792969,0.05491431,0,0.00412858,0.00057920,64,0.00000000,"{W,C}",1,0
rand3_20260930_17,random_n3,uniform,3,dyadic,0.00000000,4,BREAKING,1.00000000,0.49023438,0.00280779,0,0.00483131,0.00060066,64,0.00000000,"{W,C}",1,0
rand3_20260930_18,random_n3,uniform,3,dyadic,0.00000000,1,BREAKING,0.50000000,0.24609375,0.06258945,0,0.00244072,0.00032293,64,0.00000000,"{W,C}",0,1
rand3_20260930_19,random_n3,uniform,3,triadic,2.00000000,2,BREAKING,1.00000000,0.49218750,0.00285272,1,0.07889085,0.00047850,64,0.00000000,"{W,C}",0,0
and_pool,n4,uniform,4,triadic,3.00000000,3,BREAKING,0.50000000,0.25000000,0.03562866,1,0.51798456,0.00125336,64,0.00000000,"{W,C1,C2}",0,0
or_pool,n4,uniform,4,triadic,3.00000000,3,BREAKING,0.50000000,0.25000000,0.03562866,1,0.53273853,0.00106767,64,0.00000000,"{W,C1,C2}",0,0
maj_homog,n4,uniform,4,dyadic,0.00000000,2,BREAKING,1.00000000,0.49511719,0.00105641,0,0.02527072,0.00130759,64,0.00000000,"{W,C1,C2}",1,0
chain_ws_c1c2,n4,uniform,4,dyadic,0.00000000,3,BREAKING,0.50000000,0.24869792,0.03553996,0,0.00591696,0.00111135,64,0.00000000,"{W,C1,C2}",1,0
hub_s,n4,uniform,4,triadic,0.25000000,3,BREAKING,0.50000000,0.25000000,0.03534505,1,1.16626138,0.00143204,64,0.00000000,"{W,C1,C2}",0,0
dual_latch,n4,uniform,4,dyadic,0.00000000,2,BREAKING,1.00000000,0.49218750,0.00113957,0,0.05361315,0.00125845,64,0.00000000,"{W,C1,C2}",1,0
memoryless,g2_core,basin,3,triadic,2.00000000,3,AGREEING,0.00000000,0.00553385,0.00091687,0,0.08510661,0.00050562,64,0.00000000,"{W,C}",0,0
sticky,g2_core,basin,3,dyadic,0.00000000,2,AGREEING,0.00000000,0.00729167,0.00050317,1,0.02241180,0.00057675,64,0.00000000,"{W,C}",1,0
xor_memory,g2_core,basin,3,triadic,2.00000000,2,AGREEING,0.00000000,0.00729167,0.00050317,0,0.08650768,0.00053429,64,0.00000000,"{W,C}",0,0
or_commit,g2_core,basin,3,triadic,2.00000000,3,AGREEING,0.00000000,0.00553385,0.00091687,0,0.08960333,0.00049048,64,0.00000000,"{W,C}",0,0
sticky_or,g2_core,basin,3,triadic,2.00000000,2,AGREEING,0.00000000,0.00669643,0.00168030,0,0.08355244,0.00054987,64,0.00000000,"{W,C}",0,0
sticky_parity,g2_core,basin,3,triadic,0.50000000,2,AGREEING,0.00000000,0.00846354,0.00141642,0,0.07897092,0.00050825,64,0.00000000,"{W,C}",0,0
parity_hub,g2_core,basin,3,triadic,0.50000000,1,AGREEING,0.00000000,0.01171875,0.00174693,0,0.15409617,0.00050615,64,0.00000000,"{W,C}",0,0
maj3,g2_core,basin,3,dyadic,0.00000000,2,AGREEING,0.00000000,0.00585938,0.00087346,1,0.01521616,0.00049129,64,0.00000000,"{W,C}",1,0
w_follows_c,g2_core,basin,3,triadic,2.00000000,2,AGREEING,0.00000000,0.01171875,0.00238066,0,0.19501322,0.00063160,64,0.00000000,"{W,C}",0,0
chat_dyad,classifier,basin,3,dyadic,0.00000000,6,AGREEING,0.00000000,0.00000000,0.00000000,1,0.00745697,0.00056621,64,0.00000000,"{W,C}",1,0
gig_dyadic_model,classifier,basin,3,dyadic,0.00000000,1,AGREEING,0.00000000,0.00683594,0.00243162,1,0.00563529,0.00042540,64,0.00000000,"{W,C}",0,1
ats_triad_mediator,classifier,basin,3,triadic,2.00000000,3,AGREEING,0.00000000,0.00553385,0.00091687,0,0.09492443,0.00043628,64,0.00000000,"{W,C}",0,0
ats_feedback_factors,classifier,basin,3,dyadic,0.00000000,2,AGREEING,0.00000000,0.00520833,0.00095091,1,0.03416403,0.00039572,64,0.00000000,"{W,C}",1,0
gig_false_dyad,classifier,basin,3,triadic,2.00000000,1,AGREEING,0.00000000,0.01245117,0.00216079,0,0.13954870,0.00049254,64,0.00000000,"{W,C}",0,0
ejected_latch,ejection,basin,3,triadic,2.00000000,2,AGREEING,0.00000000,0.00669643,0.00168030,0,0.06907932,0.00047853,64,0.00000000,"{W,C}",0,0
ejected_latch_or,ejection,basin,3,dyadic,0.00000000,2,AGREEING,0.00000000,0.00729167,0.00050317,1,0.01973243,0.00054162,64,0.00000000,"{W,C}",1,0
rand3_20260930_00,random_n3,basin,3,dyadic,0.00000000,2,AGREEING,0.00000000,0.00585938,0.00167256,1,0.00264844,0.00042934,64,0.00000000,"{W,C}",1,0
rand3_20260930_01,random_n3,basin,3,dyadic,0.00000000,2,AGREEING,0.00000000,0.00195312,0.00087346,1,0.00308326,0.00041406,64,0.00000000,"{W,C}",1,0
rand3_20260930_02,random_n3,basin,3,dyadic,0.00000000,2,AGREEING,0.00000000,0.00390625,0.00142636,1,0.00249636,0.00046891,64,0.00000000,"{W,C}",1,0
rand3_20260930_03,random_n3,basin,3,dyadic,0.00000000,3,AGREEING,0.00000000,0.00390625,0.00142636,1,0.00243484,0.00041179,64,0.00000000,"{W,C}",1,0
rand3_20260930_04,random_n3,basin,3,dyadic,0.00000000,2,AGREEING,0.00000000,0.00195312,0.00087346,1,0.00325253,0.00045172,64,0.00000000,"{W,C}",1,0
rand3_20260930_05,random_n3,basin,3,triadic,1.00000000,2,AGREEING,0.00000000,0.01004464,0.00221346,0,0.10350981,0.00038207,64,0.00000000,"{W,C}",0,0
rand3_20260930_06,random_n3,basin,3,dyadic,0.00000000,1,AGREEING,0.00000000,0.00830078,0.00100068,1,0.00254953,0.00033014,64,0.00000000,"{W,C}",0,1
rand3_20260930_07,random_n3,basin,3,dyadic,0.00000000,2,AGREEING,0.00000000,0.00195312,0.00087346,1,0.00251716,0.00040789,64,0.00000000,"{W,C}",1,0
rand3_20260930_08,random_n3,basin,3,triadic,2.00000000,1,AGREEING,0.00000000,0.01196289,0.00201619,0,0.07770455,0.00059661,64,0.00000000,"{W,C}",0,0
rand3_20260930_09,random_n3,basin,3,dyadic,0.00000000,2,AGREEING,0.00000000,0.00976562,0.00181826,1,0.00469507,0.00056272,64,0.00000000,"{W,C}",1,0
rand3_20260930_10,random_n3,basin,3,dyadic,0.00000000,1,AGREEING,0.00000000,0.00781250,0.00000000,1,0.00351119,0.00038600,64,0.00000000,"{W,C}",0,1
rand3_20260930_11,random_n3,basin,3,triadic,0.83007500,1,AGREEING,0.00000000,0.00708008,0.00191096,0,0.10550825,0.00033456,64,0.00000000,"{W,C}",0,0
rand3_20260930_12,random_n3,basin,3,dyadic,0.00000000,1,AGREEING,0.00000000,0.00683594,0.00066712,1,0.02547905,0.00038417,64,0.00000000,"{W,C}",0,1
rand3_20260930_13,random_n3,basin,3,dyadic,0.00000000,2,AGREEING,0.00000000,0.00976562,0.00112764,1,0.00445522,0.00036708,64,0.00000000,"{W,C}",1,0
rand3_20260930_14,random_n3,basin,3,dyadic,0.00000000,2,AGREEING,0.00000000,0.00948661,0.00164912,1,0.00257605,0.00046686,64,0.00000000,"{W,C}",1,0
rand3_20260930_15,random_n3,basin,3,dyadic,0.00000000,2,AGREEING,0.00000000,0.00520833,0.00095091,1,0.00206790,0.00046801,64,0.00000000,"{W,C}",1,0
rand3_20260930_16,random_n3,basin,3,dyadic,0.00000000,2,AGREEING,0.00000000,0.00618490,0.00081921,1,0.00293333,0.00037278,64,0.00000000,"{W,C}",1,0
rand3_20260930_17,random_n3,basin,3,dyadic,0.00000000,4,AGREEING,0.00000000,0.00468750,0.00148232,1,0.00294779,0.00045988,64,0.00000000,"{W,C}",1,0
rand3_20260930_18,random_n3,basin,3,dyadic,0.00000000,1,AGREEING,0.00000000,0.00878906,0.00140390,1,0.00202806,0.00034399,64,0.00000000,"{W,C}",0,1
rand3_20260930_19,random_n3,basin,3,triadic,2.00000000,2,AGREEING,0.00000000,0.00892857,0.00149737,0,0.06923030,0.00050427,64,0.00000000,"{W,C}",0,0
and_pool,n4,basin,4,triadic,3.00000000,3,AGREEING,0.00000000,0.00701032,0.00034590,0,0.48531682,0.00120498,64,0.00000000,"{W,C1,C2}",0,0
or_pool,n4,basin,4,triadic,3.00000000,3,AGREEING,0.00000000,0.00701032,0.00034590,0,0.51555792,0.00113026,64,0.00000000,"{W,C1,C2}",0,0
maj_homog,n4,basin,4,dyadic,0.00000000,2,AGREEING,0.00000000,0.00653409,0.00042158,1,0.02600130,0.00131660,64,0.00000000,"{W,C1,C2}",1,0
chain_ws_c1c2,n4,basin,4,dyadic,0.00000000,3,AGREEING,0.00000000,0.00520833,0.00096845,1,0.00551564,0.00107870,64,0.00000000,"{W,C1,C2}",1,0
hub_s,n4,basin,4,triadic,0.25000000,3,AGREEING,0.00000000,0.00781250,0.00080580,0,1.20778314,0.00112299,64,0.00000000,"{W,C1,C2}",0,0
dual_latch,n4,basin,4,dyadic,0.00000000,2,AGREEING,0.00000000,0.00768849,0.00014243,1,0.03920958,0.00135285,64,0.00000000,"{W,C1,C2}",1,0
memoryless,g2_core,stationary,3,triadic,2.00000000,3,AGREEING,0.00000000,0.00390625,0.00174693,0,0.07162437,0.00042528,64,0.00000000,"{W,C}",0,0
sticky,g2_core,stationary,3,dyadic,0.00000000,2,AGREEING,0.00000000,0.00781250,0.00201718,1,0.01744462,0.00047426,64,0.00000000,"{W,C}",1,0
xor_memory,g2_core,stationary,3,triadic,2.00000000,2,AGREEING,0.00000000,0.00651042,0.00130208,0,0.06725348,0.00040363,64,0.00000000,"{W,C}",0,0
or_commit,g2_core,stationary,3,triadic,2.00000000,3,AGREEING,0.00000000,0.00390625,0.00174693,0,0.07035774,0.00042000,64,0.00000000,"{W,C}",0,0
sticky_or,g2_core,stationary,3,triadic,2.00000000,2,AGREEING,0.00000000,0.01171875,0.00266848,0,0.06282518,0.00047848,64,0.00000000,"{W,C}",0,0
sticky_parity,g2_core,stationary,3,triadic,0.50000000,2,AGREEING,0.00000000,0.01171875,0.00266848,0,0.06295939,0.00047856,64,0.00000000,"{W,C}",0,0
parity_hub,g2_core,stationary,3,triadic,0.50000000,1,AGREEING,0.00000000,0.02343750,0.00349386,0,0.12473508,0.00053048,64,0.00000000,"{W,C}",0,0
maj3,g2_core,stationary,3,dyadic,0.00000000,2,AGREEING,0.00000000,0.00390625,0.00174693,1,0.01268870,0.00048130,64,0.00000000,"{W,C}",1,0
w_follows_c,g2_core,stationary,3,triadic,2.00000000,2,AGREEING,0.00000000,0.01855469,0.00433077,0,0.10133575,0.00050696,64,0.00000000,"{W,C}",0,0
chat_dyad,classifier,stationary,3,dyadic,0.00000000,6,AGREEING,0.00000000,0.00000000,0.00000000,1,0.00513429,0.00041122,64,0.00000000,"{W,C}",1,0
gig_dyadic_model,classifier,stationary,3,dyadic,0.00000000,1,AGREEING,0.00000000,0.00683594,0.00348475,1,0.00381387,0.00033057,64,0.00000000,"{W,C}",0,1
ats_triad_mediator,classifier,stationary,3,triadic,2.00000000,3,AGREEING,0.00000000,0.00390625,0.00174693,0,0.07013944,0.00043829,64,0.00000000,"{W,C}",0,0
ats_feedback_factors,classifier,stationary,3,dyadic,0.00000000,2,AGREEING,0.00000000,0.00390625,0.00174693,1,0.03408451,0.00038876,64,0.00000000,"{W,C}",1,0
gig_false_dyad,classifier,stationary,3,triadic,2.00000000,1,AGREEING,0.00000000,0.01953125,0.00415852,0,0.07840031,0.00048965,64,0.00000000,"{W,C}",0,0
ejected_latch,ejection,stationary,3,triadic,2.00000000,2,AGREEING,0.00000000,0.01171875,0.00266848,0,0.06271368,0.00051582,64,0.00000000,"{W,C}",0,0
ejected_latch_or,ejection,stationary,3,dyadic,0.00000000,2,AGREEING,0.00000000,0.00781250,0.00201718,1,0.01699586,0.00047516,64,0.00000000,"{W,C}",1,0
rand3_20260930_00,random_n3,stationary,3,dyadic,0.00000000,2,AGREEING,0.00000000,0.00781250,0.00247053,1,0.00250657,0.00040907,64,0.00000000,"{W,C}",1,0
rand3_20260930_01,random_n3,stationary,3,dyadic,0.00000000,2,AGREEING,0.00000000,0.00195312,0.00133424,1,0.00321325,0.00048870,64,0.00000000,"{W,C}",1,0
rand3_20260930_02,random_n3,stationary,3,dyadic,0.00000000,2,AGREEING,0.00000000,0.00585938,0.00241851,1,0.00295060,0.00047729,64,0.00000000,"{W,C}",1,0
rand3_20260930_03,random_n3,stationary,3,dyadic,0.00000000,3,AGREEING,0.00000000,0.00390625,0.00174693,1,0.00237389,0.00040076,64,0.00000000,"{W,C}",1,0
rand3_20260930_04,random_n3,stationary,3,dyadic,0.00000000,2,AGREEING,0.00000000,0.00195312,0.00133424,1,0.00244464,0.00035187,64,0.00000000,"{W,C}",1,0
rand3_20260930_05,random_n3,stationary,3,triadic,1.00000000,2,AGREEING,0.00000000,0.01139323,0.00333560,0,0.09961518,0.00036646,64,0.00000000,"{W,C}",0,0
rand3_20260930_06,random_n3,stationary,3,dyadic,0.00000000,1,AGREEING,0.00000000,0.00911458,0.00130208,1,0.00315493,0.00046748,64,0.00000000,"{W,C}",0,1
rand3_20260930_07,random_n3,stationary,3,dyadic,0.00000000,2,AGREEING,0.00000000,0.00195312,0.00133424,1,0.00275895,0.00047060,64,0.00000000,"{W,C}",1,0
rand3_20260930_08,random_n3,stationary,3,triadic,2.00000000,1,AGREEING,0.00000000,0.02246094,0.00376536,0,0.07573171,0.00048082,64,0.00000000,"{W,C}",0,0
rand3_20260930_09,random_n3,stationary,3,dyadic,0.00000000,2,AGREEING,0.00000000,0.01757812,0.00314932,1,0.00360228,0.00045475,64,0.00000000,"{W,C}",1,0
rand3_20260930_10,random_n3,stationary,3,dyadic,0.00000000,1,AGREEING,0.00000000,0.00781250,0.00067239,1,0.00254167,0.00033981,64,0.00000000,"{W,C}",0,1
rand3_20260930_11,random_n3,stationary,3,triadic,0.83007500,1,AGREEING,0.00000000,0.00878906,0.00166875,0,0.09958736,0.00035858,64,0.00000000,"{W,C}",0,0
rand3_20260930_12,random_n3,stationary,3,dyadic,0.00000000,1,AGREEING,0.00000000,0.00585938,0.00195312,1,0.02421151,0.00033746,64,0.00000000,"{W,C}",0,1
rand3_20260930_13,random_n3,stationary,3,dyadic,0.00000000,2,AGREEING,0.00000000,0.00976562,0.00280779,1,0.00362256,0.00036367,64,0.00000000,"{W,C}",1,0
rand3_20260930_14,random_n3,stationary,3,dyadic,0.00000000,2,AGREEING,0.00000000,0.00976562,0.00314932,1,0.00250593,0.00046716,64,0.00000000,"{W,C}",1,0
rand3_20260930_15,random_n3,stationary,3,dyadic,0.00000000,2,AGREEING,0.00000000,0.00585938,0.00195312,1,0.00196852,0.00046042,64,0.00000000,"{W,C}",1,0
rand3_20260930_16,random_n3,stationary,3,dyadic,0.00000000,2,AGREEING,0.00000000,0.00488281,0.00186997,1,0.00399317,0.00039031,64,0.00000000,"{W,C}",1,0
rand3_20260930_17,random_n3,stationary,3,dyadic,0.00000000,4,AGREEING,0.00000000,0.00976562,0.00280779,1,0.00309185,0.00043346,64,0.00000000,"{W,C}",1,0
rand3_20260930_18,random_n3,stationary,3,dyadic,0.00000000,1,AGREEING,0.00000000,0.00781250,0.00285272,1,0.00194455,0.00034484,64,0.00000000,"{W,C}",0,1
rand3_20260930_19,random_n3,stationary,3,triadic,2.00000000,2,AGREEING,0.00000000,0.00781250,0.00285272,0,0.06803252,0.00047137,64,0.00000000,"{W,C}",0,0
and_pool,n4,stationary,4,triadic,3.00000000,3,AGREEING,0.00000000,0.00585938,0.00110338,0,0.43291655,0.00116018,64,0.00000000,"{W,C1,C2}",0,0
or_pool,n4,stationary,4,triadic,3.00000000,3,AGREEING,0.00000000,0.00585938,0.00110338,0,0.47553832,0.00113326,64,0.00000000,"{W,C1,C2}",0,0
maj_homog,n4,stationary,4,dyadic,0.00000000,2,AGREEING,0.00000000,0.00488281,0.00105641,1,0.02514298,0.00129078,64,0.00000000,"{W,C1,C2}",1,0
chain_ws_c1c2,n4,stationary,4,dyadic,0.00000000,3,AGREEING,0.00000000,0.00651042,0.00130208,1,0.00556058,0.00110299,64,0.00000000,"{W,C1,C2}",1,0
hub_s,n4,stationary,4,triadic,0.25000000,3,AGREEING,0.00000000,0.00781250,0.00113957,0,0.97474790,0.00112451,64,0.00000000,"{W,C1,C2}",0,0
dual_latch,n4,stationary,4,dyadic,0.00000000,2,AGREEING,0.00000000,0.00781250,0.00113957,1,0.03649583,0.00133241,64,0.00000000,"{W,C1,C2}",1,0
