form,group,n,whole_structure,whole_phi,n_attractors,eoa_verdict,fail_rate,gap_mean,gap_se,agree,t_phi_s,t_eoa_s,horizon,noise,observable,dyadic_multi,miss_class
memoryless,g2_core,3,triadic,2.00000000,3,BREAKING,0.50000000,0.25000000,0.06356514,1,0.05213029,0.00032794,64,0.00000000,"{W,C}",0,0
sticky,g2_core,3,dyadic,0.00000000,2,BREAKING,1.00000000,0.49218750,0.00201718,0,0.01382879,0.00036847,64,0.00000000,"{W,C}",1,1
xor_memory,g2_core,3,triadic,2.00000000,2,BREAKING,1.00000000,0.28906250,0.04119196,1,0.05310016,0.00029701,64,0.00000000,"{W,C}",0,0
or_commit,g2_core,3,triadic,2.00000000,3,BREAKING,0.50000000,0.25000000,0.06356514,1,0.05584487,0.00030929,64,0.00000000,"{W,C}",0,0
sticky_or,g2_core,3,triadic,2.00000000,2,BREAKING,1.00000000,0.48828125,0.00266848,1,0.05034575,0.00035622,64,0.00000000,"{W,C}",0,0
sticky_parity,g2_core,3,triadic,0.50000000,2,BREAKING,1.00000000,0.48828125,0.00266848,1,0.05018184,0.00035594,64,0.00000000,"{W,C}",0,0
parity_hub,g2_core,3,triadic,0.50000000,1,BREAKING,1.00000000,0.47656250,0.00349386,1,0.10025854,0.00037370,64,0.00000000,"{W,C}",0,0
maj3,g2_core,3,dyadic,0.00000000,2,BREAKING,1.00000000,0.49609375,0.00174693,0,0.00925089,0.00035633,64,0.00000000,"{W,C}",1,1
w_follows_c,g2_core,3,triadic,2.00000000,2,BREAKING,1.00000000,0.48144531,0.00433077,1,0.07800501,0.00035862,64,0.00000000,"{W,C}",0,0
chat_dyad,classifier,3,dyadic,0.00000000,6,BREAKING,0.75000000,0.37500000,0.05590170,0,0.00361374,0.00028432,64,0.00000000,"{W,C}",1,1
gig_dyadic_model,classifier,3,dyadic,0.00000000,1,BREAKING,0.50000000,0.24316406,0.06285655,0,0.00289536,0.00024038,64,0.00000000,"{W,C}",0,0
ats_triad_mediator,classifier,3,triadic,2.00000000,3,BREAKING,0.50000000,0.25000000,0.06356514,1,0.05184166,0.00031140,64,0.00000000,"{W,C}",0,0
ats_feedback_factors,classifier,3,dyadic,0.00000000,2,BREAKING,0.62500000,0.31054688,0.06161276,0,0.02675026,0.00027630,64,0.00000000,"{W,C}",1,1
gig_false_dyad,classifier,3,triadic,2.00000000,1,BREAKING,1.00000000,0.48046875,0.00415852,1,0.05933001,0.00040054,64,0.00000000,"{W,C}",0,0
ejected_latch,ejection,3,triadic,2.00000000,2,BREAKING,1.00000000,0.48828125,0.00266848,1,0.04814610,0.00036567,64,0.00000000,"{W,C}",0,0
ejected_latch_or,ejection,3,dyadic,0.00000000,2,BREAKING,1.00000000,0.49218750,0.00201718,0,0.01382250,0.00036112,64,0.00000000,"{W,C}",1,1
rand3_20260930_00,random_n3,3,dyadic,0.00000000,2,BREAKING,0.50000000,0.24609375,0.06257320,0,0.00211276,0.00032042,64,0.00000000,"{W,C}",1,1
rand3_20260930_01,random_n3,3,dyadic,0.00000000,2,BREAKING,0.75000000,0.37304688,0.05562579,0,0.00247311,0.00032715,64,0.00000000,"{W,C}",1,1
rand3_20260930_02,random_n3,3,dyadic,0.00000000,2,BREAKING,1.00000000,0.49414062,0.00241851,0,0.00214599,0.00035034,64,0.00000000,"{W,C}",1,1
rand3_20260930_03,random_n3,3,dyadic,0.00000000,3,BREAKING,0.50000000,0.25000000,0.06356514,0,0.00198789,0.00030293,64,0.00000000,"{W,C}",1,1
rand3_20260930_04,random_n3,3,dyadic,0.00000000,2,BREAKING,0.75000000,0.37304688,0.05562579,0,0.00197169,0.00026184,64,0.00000000,"{W,C}",1,1
rand3_20260930_05,random_n3,3,triadic,1.00000000,2,BREAKING,1.00000000,0.34472656,0.04205875,1,0.07766951,0.00027224,64,0.00000000,"{W,C}",0,0
rand3_20260930_06,random_n3,3,dyadic,0.00000000,1,BREAKING,1.00000000,0.16210938,0.00241851,0,0.00207692,0.00024974,64,0.00000000,"{W,C}",0,0
rand3_20260930_07,random_n3,3,dyadic,0.00000000,2,BREAKING,0.75000000,0.37304688,0.05562579,0,0.00199936,0.00031894,64,0.00000000,"{W,C}",1,1
rand3_20260930_08,random_n3,3,triadic,2.00000000,1,BREAKING,1.00000000,0.47753906,0.00376536,1,0.05911710,0.00036695,64,0.00000000,"{W,C}",0,0
rand3_20260930_09,random_n3,3,dyadic,0.00000000,2,BREAKING,1.00000000,0.48242188,0.00314932,0,0.00303178,0.00035234,64,0.00000000,"{W,C}",1,1
rand3_20260930_10,random_n3,3,dyadic,0.00000000,1,BREAKING,1.00000000,0.16406250,0.00201718,0,0.00196728,0.00024853,64,0.00000000,"{W,C}",0,0
rand3_20260930_11,random_n3,3,triadic,0.83007500,1,BREAKING,0.68750000,0.19628906,0.02610547,1,0.07693758,0.00024495,64,0.00000000,"{W,C}",0,0
rand3_20260930_12,random_n3,3,dyadic,0.00000000,1,BREAKING,0.50000000,0.12304688,0.03081979,0,0.01951464,0.00025899,64,0.00000000,"{W,C}",0,0
rand3_20260930_13,random_n3,3,dyadic,0.00000000,2,BREAKING,0.50000000,0.24804688,0.06208972,0,0.00283539,0.00027030,64,0.00000000,"{W,C}",1,1
rand3_20260930_14,random_n3,3,dyadic,0.00000000,2,BREAKING,1.00000000,0.49023438,0.00314932,0,0.00197760,0.00034719,64,0.00000000,"{W,C}",1,1
rand3_20260930_15,random_n3,3,dyadic,0.00000000,2,BREAKING,1.00000000,0.49414062,0.00195312,0,0.00153704,0.00035694,64,0.00000000,"{W,C}",1,1
rand3_20260930_16,random_n3,3,dyadic,0.00000000,2,BREAKING,0.25000000,0.12792969,0.05491431,0,0.00240821,0.00028606,64,0.00000000,"{W,C}",1,1
rand3_20260930_17,random_n3,3,dyadic,0.00000000,4,BREAKING,1.00000000,0.49023438,0.00280779,0,0.00238535,0.00033232,64,0.00000000,"{W,C}",1,1
rand3_20260930_18,random_n3,3,dyadic,0.00000000,1,BREAKING,0.50000000,0.24609375,0.06258945,0,0.00148185,0.00026296,64,0.00000000,"{W,C}",0,0
rand3_20260930_19,random_n3,3,triadic,2.00000000,2,BREAKING,1.00000000,0.49218750,0.00285272,1,0.05251065,0.00036759,64,0.00000000,"{W,C}",0,0
and_pool,n4,4,triadic,3.00000000,3,BREAKING,0.50000000,0.25000000,0.03562866,1,0.31862340,0.00089126,64,0.00000000,"{W,C1,C2}",0,0
or_pool,n4,4,triadic,3.00000000,3,BREAKING,0.50000000,0.25000000,0.03562866,1,0.33724525,0.00089514,64,0.00000000,"{W,C1,C2}",0,0
maj_homog,n4,4,dyadic,0.00000000,2,BREAKING,1.00000000,0.49511719,0.00105641,0,0.01949126,0.00103477,64,0.00000000,"{W,C1,C2}",1,1
chain_ws_c1c2,n4,4,dyadic,0.00000000,3,BREAKING,0.50000000,0.24869792,0.03553996,0,0.00459267,0.00088570,64,0.00000000,"{W,C1,C2}",1,1
hub_s,n4,4,triadic,0.25000000,3,BREAKING,0.50000000,0.25000000,0.03534505,1,0.75973570,0.00090998,64,0.00000000,"{W,C1,C2}",0,0
dual_latch,n4,4,dyadic,0.00000000,2,BREAKING,1.00000000,0.49218750,0.00113957,0,0.02926009,0.00103095,64,0.00000000,"{W,C1,C2}",1,1
