form,horizon,noise,observable,eoa_verdict,fail_rate,agree,whole_structure
memoryless,16,0.00000000,"{W,C}",BREAKING,0.50000000,1,triadic
sticky,16,0.00000000,"{W,C}",BREAKING,1.00000000,0,dyadic
xor_memory,16,0.00000000,"{W,C}",BREAKING,1.00000000,1,triadic
or_commit,16,0.00000000,"{W,C}",BREAKING,0.50000000,1,triadic
sticky_or,16,0.00000000,"{W,C}",BREAKING,1.00000000,1,triadic
sticky_parity,16,0.00000000,"{W,C}",BREAKING,1.00000000,1,triadic
parity_hub,16,0.00000000,"{W,C}",BREAKING,1.00000000,1,triadic
maj3,16,0.00000000,"{W,C}",BREAKING,1.00000000,0,dyadic
w_follows_c,16,0.00000000,"{W,C}",BREAKING,1.00000000,1,triadic
memoryless,64,0.00000000,"{W,C}",BREAKING,0.50000000,1,triadic
sticky,64,0.00000000,"{W,C}",BREAKING,1.00000000,0,dyadic
xor_memory,64,0.00000000,"{W,C}",BREAKING,1.00000000,1,triadic
or_commit,64,0.00000000,"{W,C}",BREAKING,0.50000000,1,triadic
sticky_or,64,0.00000000,"{W,C}",BREAKING,1.00000000,1,triadic
sticky_parity,64,0.00000000,"{W,C}",BREAKING,1.00000000,1,triadic
parity_hub,64,0.00000000,"{W,C}",BREAKING,1.00000000,1,triadic
maj3,64,0.00000000,"{W,C}",BREAKING,1.00000000,0,dyadic
w_follows_c,64,0.00000000,"{W,C}",BREAKING,1.00000000,1,triadic
memoryless,256,0.00000000,"{W,C}",BREAKING,0.50000000,1,triadic
sticky,256,0.00000000,"{W,C}",BREAKING,1.00000000,0,dyadic
xor_memory,256,0.00000000,"{W,C}",BREAKING,1.00000000,1,triadic
or_commit,256,0.00000000,"{W,C}",BREAKING,0.50000000,1,triadic
sticky_or,256,0.00000000,"{W,C}",BREAKING,1.00000000,1,triadic
sticky_parity,256,0.00000000,"{W,C}",BREAKING,1.00000000,1,triadic
parity_hub,256,0.00000000,"{W,C}",BREAKING,1.00000000,1,triadic
maj3,256,0.00000000,"{W,C}",BREAKING,1.00000000,0,dyadic
w_follows_c,256,0.00000000,"{W,C}",BREAKING,1.00000000,1,triadic
memoryless,64,0.05000000,"{W,C}",BREAKING,0.93750000,1,triadic
sticky,64,0.05000000,"{W,C}",BREAKING,0.93750000,0,dyadic
xor_memory,64,0.05000000,"{W,C}",BREAKING,0.56250000,1,triadic
or_commit,64,0.05000000,"{W,C}",BREAKING,0.81250000,1,triadic
sticky_or,64,0.05000000,"{W,C}",BREAKING,1.00000000,1,triadic
sticky_parity,64,0.05000000,"{W,C}",BREAKING,0.87500000,1,triadic
parity_hub,64,0.05000000,"{W,C}",BREAKING,1.00000000,1,triadic
maj3,64,0.05000000,"{W,C}",BREAKING,1.00000000,0,dyadic
w_follows_c,64,0.05000000,"{W,C}",BREAKING,1.00000000,1,triadic
memoryless,64,0.00000000,{S},BREAKING,0.50000000,1,triadic
sticky,64,0.00000000,{S},BREAKING,1.00000000,0,dyadic
xor_memory,64,0.00000000,{S},BREAKING,1.00000000,1,triadic
or_commit,64,0.00000000,{S},BREAKING,0.50000000,1,triadic
sticky_or,64,0.00000000,{S},BREAKING,1.00000000,1,triadic
sticky_parity,64,0.00000000,{S},BREAKING,1.00000000,1,triadic
parity_hub,64,0.00000000,{S},BREAKING,1.00000000,1,triadic
maj3,64,0.00000000,{S},BREAKING,1.00000000,0,dyadic
w_follows_c,64,0.00000000,{S},BREAKING,1.00000000,1,triadic
