form,group,n,whole_structure,whole_phi,triadic,committed_gap,gap_party,gap_match,gap_mediator,gap_parity,party_osc_frac,mean_cycle_var,mean_period,max_period,n_attractors,pre_cycle_div,mean_transient,t_scale_slope,gapT_cv,t_eoa_s,gap_bit_W,gap_bit_S,gap_bit_C,gap_T16,gap_T32,gap_T64,gap_T128,gap_T256,gap_T512,gap_bit_C1,gap_bit_C2
memoryless,g2_core,3,triadic,2.00000000,1,0.00553385,0.00553385,1,0.00000000,0.00651042,0.33333333,0.08333333,1.50000000,2,3,0.12500000,0.50000000,-1.00000000,0.00000000,0.00811024,0.00553385,0.00000000,0.00553385,0.02213542,0.01106771,0.00553385,0.00276693,0.00138346,0.00069173,,
sticky,g2_core,3,dyadic,0.00000000,0,0.00729167,0.00729167,1,0.00312500,0.00729167,0.00000000,0.00000000,1.00000000,1,2,0.21875000,0.87500000,-1.00000000,0.00000000,0.01095674,0.00729167,0.00312500,0.00729167,0.02916667,0.01458333,0.00729167,0.00364583,0.00182292,0.00091146,,
xor_memory,g2_core,3,triadic,2.00000000,1,0.00729167,0.00729167,1,0.00312500,0.00729167,0.50000000,0.11111111,2.25000000,3,2,0.12500000,0.50000000,-1.00000000,0.00000000,0.00669659,0.00729167,0.00312500,0.00729167,0.02916667,0.01458333,0.00729167,0.00364583,0.00182292,0.00091146,,
or_commit,g2_core,3,triadic,2.00000000,1,0.00553385,0.00553385,1,0.00000000,0.00651042,0.33333333,0.08333333,1.50000000,2,3,0.12500000,0.50000000,-1.00000000,0.00000000,0.00755665,0.00553385,0.00000000,0.00553385,0.02213542,0.01106771,0.00553385,0.00276693,0.00138346,0.00069173,,
sticky_or,g2_core,3,triadic,2.00000000,1,0.00669643,0.00669643,1,0.00669643,0.00669643,0.00000000,0.00000000,1.00000000,1,2,0.28125000,1.12500000,-1.00000000,0.00000000,0.01096141,0.00669643,0.00669643,0.00669643,0.02678571,0.01339286,0.00669643,0.00334821,0.00167411,0.00083705,,
sticky_parity,g2_core,3,triadic,0.50000000,1,0.00846354,0.00846354,1,0.00520833,0.00520833,0.00000000,0.00000000,1.00000000,1,2,0.25000000,1.00000000,-1.00000000,0.00000000,0.01089984,0.00846354,0.00520833,0.00846354,0.03385417,0.01692708,0.00846354,0.00423177,0.00211589,0.00105794,,
parity_hub,g2_core,3,triadic,0.50000000,1,0.01171875,0.01171875,1,0.00781250,0.00781250,0.00000000,0.00000000,1.00000000,1,1,0.43750000,2.12500000,-1.00000000,0.00000000,0.01234228,0.01171875,0.00781250,0.01171875,0.04687500,0.02343750,0.01171875,0.00585938,0.00292969,0.00146484,,
maj3,g2_core,3,dyadic,0.00000000,0,0.00585938,0.00585938,1,0.00585938,0.00781250,0.00000000,0.00000000,1.00000000,1,2,0.18750000,0.75000000,-1.00000000,0.00000000,0.01075539,0.00585938,0.00585938,0.00585938,0.02343750,0.01171875,0.00585938,0.00292969,0.00146484,0.00073242,,
w_follows_c,g2_core,3,triadic,2.00000000,1,0.01171875,0.01171875,1,0.00837054,0.01395089,0.00000000,0.00000000,1.00000000,1,2,0.43750000,2.25000000,-1.00000000,0.00000000,0.01128621,0.01283482,0.00837054,0.01060268,0.04687500,0.02343750,0.01171875,0.00585938,0.00292969,0.00146484,,
chat_dyad,classifier,3,dyadic,0.00000000,0,0.00000000,0.00000000,1,0.00000000,0.00000000,0.16666667,0.04166667,1.50000000,2,6,0.00000000,0.00000000,0.00000000,nan,0.00661627,0.00000000,0.00000000,0.00000000,0.00000000,0.00000000,0.00000000,0.00000000,0.00000000,0.00000000,,
gig_dyadic_model,classifier,3,dyadic,0.00000000,0,0.00683594,0.00683594,1,0.00000000,0.01123047,0.50000000,0.12500000,4.00000000,4,1,0.15625000,0.87500000,-1.00000000,0.00000000,0.00358671,0.00000000,0.00000000,0.01367188,0.02734375,0.01367188,0.00683594,0.00341797,0.00170898,0.00085449,,
ats_triad_mediator,classifier,3,triadic,2.00000000,1,0.00553385,0.00553385,1,0.00000000,0.00651042,0.33333333,0.08333333,1.50000000,2,3,0.12500000,0.50000000,-1.00000000,0.00000000,0.00745900,0.00553385,0.00000000,0.00553385,0.02213542,0.01106771,0.00553385,0.00276693,0.00138346,0.00069173,,
ats_feedback_factors,classifier,3,dyadic,0.00000000,0,0.00520833,0.00520833,1,0.00000000,0.00520833,0.25000000,0.06250000,3.25000000,4,2,0.09375000,0.37500000,-1.00000000,0.00000000,0.00504539,0.00520833,0.00000000,0.00520833,0.02083333,0.01041667,0.00520833,0.00260417,0.00130208,0.00065104,,
gig_false_dyad,classifier,3,triadic,2.00000000,1,0.01245117,0.01245117,1,0.01025391,0.01953125,0.00000000,0.00000000,1.00000000,1,1,0.40625000,2.37500000,-1.00000000,0.00000000,0.01203392,0.01123047,0.01025391,0.01367188,0.04980469,0.02490234,0.01245117,0.00622559,0.00311279,0.00155640,,
ejected_latch,ejection,3,triadic,2.00000000,1,0.00669643,0.00669643,1,0.00669643,0.00669643,0.00000000,0.00000000,1.00000000,1,2,0.28125000,1.12500000,-1.00000000,0.00000000,0.01122678,0.00669643,0.00669643,0.00669643,0.02678571,0.01339286,0.00669643,0.00334821,0.00167411,0.00083705,,
ejected_latch_or,ejection,3,dyadic,0.00000000,0,0.00729167,0.00729167,1,0.00312500,0.00729167,0.00000000,0.00000000,1.00000000,1,2,0.21875000,0.87500000,-1.00000000,0.00000000,0.01067383,0.00729167,0.00312500,0.00729167,0.02916667,0.01458333,0.00729167,0.00364583,0.00182292,0.00091146,,
rand3_20260930_00,random_n3,3,dyadic,0.00000000,0,0.00585938,0.00585938,1,0.00390625,0.00781250,0.50000000,0.12500000,1.50000000,2,2,0.21875000,0.87500000,-1.00000000,0.00000000,0.00836846,0.00781250,0.00390625,0.00390625,0.02343750,0.01171875,0.00585938,0.00292969,0.00146484,0.00073242,,
rand3_20260930_01,random_n3,3,dyadic,0.00000000,0,0.00195312,0.00195312,1,0.01171875,0.00390625,0.25000000,0.06250000,1.50000000,2,2,0.21875000,0.87500000,-1.00000000,0.00000000,0.00819791,0.00000000,0.01171875,0.00390625,0.00781250,0.00390625,0.00195312,0.00097656,0.00048828,0.00024414,,
rand3_20260930_02,random_n3,3,dyadic,0.00000000,0,0.00390625,0.00390625,1,0.00781250,0.00781250,0.00000000,0.00000000,1.00000000,1,2,0.28125000,1.25000000,-1.00000000,0.00000000,0.01092532,0.00000000,0.00781250,0.00781250,0.01562500,0.00781250,0.00390625,0.00195312,0.00097656,0.00048828,,
rand3_20260930_03,random_n3,3,dyadic,0.00000000,0,0.00390625,0.00390625,1,0.00000000,0.00781250,0.33333333,0.08333333,1.50000000,2,3,0.12500000,0.50000000,-1.00000000,0.00000000,0.00751086,0.00000000,0.00000000,0.00781250,0.01562500,0.00781250,0.00390625,0.00195312,0.00097656,0.00048828,,
rand3_20260930_04,random_n3,3,dyadic,0.00000000,0,0.00195312,0.00195312,1,0.00390625,0.00390625,0.25000000,0.06250000,2.00000000,2,2,0.12500000,0.50000000,-1.00000000,0.00000000,0.00569456,0.00000000,0.00390625,0.00390625,0.00781250,0.00390625,0.00195312,0.00097656,0.00048828,0.00024414,,
rand3_20260930_05,random_n3,3,triadic,1.00000000,1,0.01004464,0.01004464,1,0.00669643,0.00669643,0.25000000,0.05555556,2.75000000,3,2,0.18750000,0.87500000,-1.00348360,0.01408451,0.00465094,0.01171875,0.00669643,0.00837054,0.04017857,0.01953125,0.01004464,0.00488281,0.00251116,0.00122070,,
rand3_20260930_06,random_n3,3,dyadic,0.00000000,0,0.00830078,0.00830078,1,0.00781250,0.00878906,1.00000000,0.22222222,3.00000000,3,1,0.18750000,0.87500000,-1.00749681,0.03030303,0.00404862,0.00781250,0.00781250,0.00878906,0.03320312,0.01562500,0.00830078,0.00390625,0.00207520,0.00097656,,
rand3_20260930_07,random_n3,3,dyadic,0.00000000,0,0.00195312,0.00195312,1,0.00781250,0.00390625,0.25000000,0.06250000,1.50000000,2,2,0.21875000,0.87500000,-1.00000000,0.00000000,0.00846114,0.00000000,0.00781250,0.00390625,0.00781250,0.00390625,0.00195312,0.00097656,0.00048828,0.00024414,,
rand3_20260930_08,random_n3,3,triadic,2.00000000,1,0.01196289,0.01196289,1,0.01562500,0.01074219,0.00000000,0.00000000,1.00000000,1,1,0.56250000,2.50000000,-1.00000000,0.00000000,0.01205060,0.01513672,0.01562500,0.00878906,0.04785156,0.02392578,0.01196289,0.00598145,0.00299072,0.00149536,,
rand3_20260930_09,random_n3,3,dyadic,0.00000000,0,0.00976562,0.00976562,1,0.01171875,0.01171875,0.00000000,0.00000000,1.00000000,1,2,0.37500000,1.50000000,-1.00000000,0.00000000,0.01118267,0.00781250,0.01171875,0.01171875,0.03906250,0.01953125,0.00976562,0.00488281,0.00244141,0.00122070,,
rand3_20260930_10,random_n3,3,dyadic,0.00000000,0,0.00781250,0.00781250,1,0.00878906,0.00781250,1.00000000,0.22222222,3.00000000,3,1,0.21875000,0.87500000,-1.01651243,0.06666667,0.00413343,0.00781250,0.00878906,0.00781250,0.03125000,0.01367188,0.00781250,0.00341797,0.00195312,0.00085449,,
rand3_20260930_11,random_n3,3,triadic,0.83007500,1,0.00708008,0.00708008,1,0.00781250,0.00732422,1.00000000,0.20000000,5.00000000,5,1,0.09375000,0.37500000,-0.97914867,0.09096643,0.00329238,0.00390625,0.00781250,0.01025391,0.03125000,0.01757812,0.00708008,0.00463867,0.00195312,0.00109863,,
rand3_20260930_12,random_n3,3,dyadic,0.00000000,0,0.00683594,0.00683594,1,0.00341797,0.00585938,1.00000000,0.21875000,4.00000000,4,1,0.15625000,0.62500000,-1.00000000,0.00000000,0.00349948,0.00585938,0.00341797,0.00781250,0.02734375,0.01367188,0.00683594,0.00341797,0.00170898,0.00085449,,
rand3_20260930_13,random_n3,3,dyadic,0.00000000,0,0.00976562,0.00976562,1,0.00585938,0.00585938,0.50000000,0.12500000,2.00000000,2,2,0.12500000,0.75000000,-1.00000000,0.00000000,0.00572972,0.01171875,0.00585938,0.00781250,0.03906250,0.01953125,0.00976562,0.00488281,0.00244141,0.00122070,,
rand3_20260930_14,random_n3,3,dyadic,0.00000000,0,0.00948661,0.00948661,1,0.00334821,0.00892857,0.00000000,0.00000000,1.00000000,1,2,0.18750000,1.00000000,-1.00000000,0.00000000,0.01120784,0.00892857,0.00334821,0.01004464,0.03794643,0.01897321,0.00948661,0.00474330,0.00237165,0.00118583,,
rand3_20260930_15,random_n3,3,dyadic,0.00000000,0,0.00520833,0.00520833,1,0.00846354,0.00781250,0.00000000,0.00000000,1.00000000,1,2,0.25000000,1.00000000,-1.00000000,0.00000000,0.01100760,0.00520833,0.00846354,0.00520833,0.02083333,0.01041667,0.00520833,0.00260417,0.00130208,0.00065104,,
rand3_20260930_16,random_n3,3,dyadic,0.00000000,0,0.00618490,0.00618490,1,0.00520833,0.00976562,0.50000000,0.12500000,1.75000000,2,2,0.25000000,1.00000000,-1.00000000,0.00000000,0.00674235,0.00716146,0.00520833,0.00520833,0.02473958,0.01236979,0.00618490,0.00309245,0.00154622,0.00077311,,
rand3_20260930_17,random_n3,3,dyadic,0.00000000,0,0.00468750,0.00468750,1,0.00468750,0.00468750,0.00000000,0.00000000,1.00000000,1,4,0.18750000,0.75000000,-1.00000000,0.00000000,0.00967162,0.00312500,0.00468750,0.00625000,0.01875000,0.00937500,0.00468750,0.00234375,0.00117187,0.00058594,,
rand3_20260930_18,random_n3,3,dyadic,0.00000000,0,0.00878906,0.00878906,1,0.00781250,0.00000000,0.50000000,0.12500000,2.00000000,2,1,0.25000000,1.00000000,-1.00000000,0.00000000,0.00557829,0.01171875,0.00781250,0.00585938,0.03515625,0.01757812,0.00878906,0.00439453,0.00219727,0.00109863,,
rand3_20260930_19,random_n3,3,triadic,2.00000000,1,0.00892857,0.00892857,1,0.00669643,0.00669643,0.00000000,0.00000000,1.00000000,1,2,0.21875000,1.00000000,-1.00000000,0.00000000,0.01109053,0.00892857,0.00669643,0.00892857,0.03571429,0.01785714,0.00892857,0.00446429,0.00223214,0.00111607,,
and_pool,n4,4,triadic,3.00000000,1,0.00701032,0.00701032,1,0.00000000,0.00725446,0.33333333,0.08333333,1.50000000,2,3,0.09375000,0.75000000,-1.00000000,0.00000000,0.02393847,0.00701032,0.00000000,,0.02804129,0.01402065,0.00701032,0.00350516,0.00175258,0.00087629,0.00701032,0.00701032
or_pool,n4,4,triadic,3.00000000,1,0.00701032,0.00701032,1,0.00000000,0.00725446,0.33333333,0.08333333,1.50000000,2,3,0.09375000,0.75000000,-1.00000000,0.00000000,0.02382622,0.00701032,0.00000000,,0.02804129,0.01402065,0.00701032,0.00350516,0.00175258,0.00087629,0.00701032,0.00701032
maj_homog,n4,4,dyadic,0.00000000,0,0.00653409,0.00653409,1,0.00653409,0.00767045,0.00000000,0.00000000,1.00000000,1,2,0.10937500,0.87500000,-1.00000000,0.00000000,0.03339860,0.00653409,0.00653409,,0.02613636,0.01306818,0.00653409,0.00326705,0.00163352,0.00081676,0.00653409,0.00653409
chain_ws_c1c2,n4,4,dyadic,0.00000000,0,0.00520833,0.00520833,1,0.00000000,0.00781250,0.33333333,0.08333333,1.50000000,2,3,0.15625000,1.25000000,-1.00000000,0.00000000,0.02424642,0.00000000,0.00000000,,0.02083333,0.01041667,0.00520833,0.00260417,0.00130208,0.00065104,0.00781250,0.00781250
hub_s,n4,4,triadic,0.25000000,1,0.00781250,0.00781250,1,0.00000000,0.00781250,0.33333333,0.08333333,1.50000000,2,3,0.09375000,0.75000000,-1.00000000,0.00000000,0.02390929,0.00781250,0.00000000,,0.03125000,0.01562500,0.00781250,0.00390625,0.00195312,0.00097656,0.00781250,0.00781250
dual_latch,n4,4,dyadic,0.00000000,0,0.00768849,0.00768849,1,0.00173611,0.00768849,0.00000000,0.00000000,1.00000000,1,2,0.11718750,0.93750000,-1.00000000,0.00000000,0.03406963,0.00768849,0.00173611,,0.03075397,0.01537698,0.00768849,0.00384425,0.00192212,0.00096106,0.00768849,0.00768849
