form,whole_structure,whole_phi,n_attractors,fail_rate,op_verdict,agree
memoryless,triadic,2.00000000,3,0.50000000,FAIL,1
sticky,dyadic,0.00000000,2,1.00000000,FAIL,0
xor_memory,triadic,2.00000000,2,0.87500000,FAIL,1
or_commit,triadic,2.00000000,3,0.50000000,FAIL,1
sticky_or,triadic,2.00000000,2,0.87500000,FAIL,1
sticky_parity,triadic,0.50000000,2,0.87500000,FAIL,1
parity_hub,triadic,0.50000000,1,0.50000000,FAIL,1
maj3,dyadic,0.00000000,2,1.00000000,FAIL,0
w_follows_c,triadic,2.00000000,2,0.75000000,FAIL,1
