form,attr_id,cycle,period,basin,verdict,max_phi,cores
memoryless,0,000,1,3,dyadic,0.00000000,(none)
memoryless,1,010|101,2,4,dyadic,0.00000000,"{S,C};(none)"
memoryless,2,111,1,1,triadic,2.00000000,"{W,S,C}"
sticky,0,000,1,3,dyadic,0.00000000,{S}
sticky,1,111,1,5,dyadic,0.00000000,(none)
xor_memory,0,000,1,3,dyadic,0.00000000,{S}
xor_memory,1,010|111|101,3,5,triadic,2.00000000,"{S};{W,S,C}"
or_commit,0,000,1,1,triadic,2.00000000,"{W,S,C}"
or_commit,1,010|101,2,4,dyadic,0.00000000,"{S,C};(none)"
or_commit,2,111,1,3,dyadic,0.00000000,(none)
sticky_or,0,000,1,1,triadic,2.00000000,"{W,S,C}"
sticky_or,1,111,1,7,dyadic,0.00000000,(none)
sticky_parity,0,000,1,2,triadic,0.50000000,{S}
sticky_parity,1,111,1,6,dyadic,0.00000000,{S}
parity_hub,0,000,1,8,triadic,0.50000000,"{W,S,C}"
maj3,0,000,1,4,dyadic,0.00000000,(none)
maj3,1,111,1,4,dyadic,0.00000000,(none)
w_follows_c,0,000,1,7,dyadic,0.00000000,(none)
w_follows_c,1,111,1,1,triadic,2.00000000,"{W,S,C}"
