form,attr_id,party,time_avg,ens_cycle,ens_mixture,ens_space,div_primary_vacuous,div_mixture,div_secondary,fail_eps,whole_structure,attr_verdict
memoryless,0,W,0.00000000,0.00000000,0.37500000,0.50000000,0.00000000,0.37500000,0.50000000,1,triadic,dyadic
memoryless,0,C,0.00000000,0.00000000,0.37500000,0.50000000,0.00000000,0.37500000,0.50000000,1,triadic,dyadic
memoryless,1,W,0.50000000,0.50000000,0.37500000,0.50000000,0.00000000,0.12500000,0.00000000,1,triadic,dyadic
memoryless,1,C,0.50000000,0.50000000,0.37500000,0.50000000,0.00000000,0.12500000,0.00000000,1,triadic,dyadic
memoryless,2,W,1.00000000,1.00000000,0.37500000,0.50000000,0.00000000,0.62500000,0.50000000,1,triadic,triadic
memoryless,2,C,1.00000000,1.00000000,0.37500000,0.50000000,0.00000000,0.62500000,0.50000000,1,triadic,triadic
sticky,0,W,0.00000000,0.00000000,0.62500000,0.50000000,0.00000000,0.62500000,0.50000000,1,dyadic,dyadic
sticky,0,C,0.00000000,0.00000000,0.62500000,0.50000000,0.00000000,0.62500000,0.50000000,1,dyadic,dyadic
sticky,1,W,1.00000000,1.00000000,0.62500000,0.50000000,0.00000000,0.37500000,0.50000000,1,dyadic,dyadic
sticky,1,C,1.00000000,1.00000000,0.62500000,0.50000000,0.00000000,0.37500000,0.50000000,1,dyadic,dyadic
xor_memory,0,W,0.00000000,0.00000000,0.41666667,0.50000000,0.00000000,0.41666667,0.50000000,1,triadic,dyadic
xor_memory,0,C,0.00000000,0.00000000,0.41666667,0.50000000,0.00000000,0.41666667,0.50000000,1,triadic,dyadic
xor_memory,1,W,0.66666667,0.66666667,0.41666667,0.50000000,0.00000000,0.25000000,0.16666667,1,triadic,triadic
xor_memory,1,C,0.66666667,0.66666667,0.41666667,0.50000000,0.00000000,0.25000000,0.16666667,1,triadic,triadic
or_commit,0,W,0.00000000,0.00000000,0.62500000,0.50000000,0.00000000,0.62500000,0.50000000,1,triadic,triadic
or_commit,0,C,0.00000000,0.00000000,0.62500000,0.50000000,0.00000000,0.62500000,0.50000000,1,triadic,triadic
or_commit,1,W,0.50000000,0.50000000,0.62500000,0.50000000,0.00000000,0.12500000,0.00000000,1,triadic,dyadic
or_commit,1,C,0.50000000,0.50000000,0.62500000,0.50000000,0.00000000,0.12500000,0.00000000,1,triadic,dyadic
or_commit,2,W,1.00000000,1.00000000,0.62500000,0.50000000,0.00000000,0.37500000,0.50000000,1,triadic,dyadic
or_commit,2,C,1.00000000,1.00000000,0.62500000,0.50000000,0.00000000,0.37500000,0.50000000,1,triadic,dyadic
sticky_or,0,W,0.00000000,0.00000000,0.87500000,0.50000000,0.00000000,0.87500000,0.50000000,1,triadic,triadic
sticky_or,0,C,0.00000000,0.00000000,0.87500000,0.50000000,0.00000000,0.87500000,0.50000000,1,triadic,triadic
sticky_or,1,W,1.00000000,1.00000000,0.87500000,0.50000000,0.00000000,0.12500000,0.50000000,1,triadic,dyadic
sticky_or,1,C,1.00000000,1.00000000,0.87500000,0.50000000,0.00000000,0.12500000,0.50000000,1,triadic,dyadic
sticky_parity,0,W,0.00000000,0.00000000,0.75000000,0.50000000,0.00000000,0.75000000,0.50000000,1,triadic,triadic
sticky_parity,0,C,0.00000000,0.00000000,0.75000000,0.50000000,0.00000000,0.75000000,0.50000000,1,triadic,triadic
sticky_parity,1,W,1.00000000,1.00000000,0.75000000,0.50000000,0.00000000,0.25000000,0.50000000,1,triadic,dyadic
sticky_parity,1,C,1.00000000,1.00000000,0.75000000,0.50000000,0.00000000,0.25000000,0.50000000,1,triadic,dyadic
parity_hub,0,W,0.00000000,0.00000000,0.00000000,0.50000000,0.00000000,0.00000000,0.50000000,0,triadic,triadic
parity_hub,0,C,0.00000000,0.00000000,0.00000000,0.50000000,0.00000000,0.00000000,0.50000000,0,triadic,triadic
maj3,0,W,0.00000000,0.00000000,0.50000000,0.50000000,0.00000000,0.50000000,0.50000000,1,dyadic,dyadic
maj3,0,C,0.00000000,0.00000000,0.50000000,0.50000000,0.00000000,0.50000000,0.50000000,1,dyadic,dyadic
maj3,1,W,1.00000000,1.00000000,0.50000000,0.50000000,0.00000000,0.50000000,0.50000000,1,dyadic,dyadic
maj3,1,C,1.00000000,1.00000000,0.50000000,0.50000000,0.00000000,0.50000000,0.50000000,1,dyadic,dyadic
w_follows_c,0,W,0.00000000,0.00000000,0.12500000,0.50000000,0.00000000,0.12500000,0.50000000,1,triadic,dyadic
w_follows_c,0,C,0.00000000,0.00000000,0.12500000,0.50000000,0.00000000,0.12500000,0.50000000,1,triadic,dyadic
w_follows_c,1,W,1.00000000,1.00000000,0.12500000,0.50000000,0.00000000,0.87500000,0.50000000,1,triadic,triadic
w_follows_c,1,C,1.00000000,1.00000000,0.12500000,0.50000000,0.00000000,0.87500000,0.50000000,1,triadic,triadic
