form,group,n,whole_structure,whole_phi,n_attractors,mean_period,max_period,state_space_size,transient_mean,transient_max,transient_basin_weighted,conv_mean_T,conv_max_T,conv_median_T,conv_n_unresolved,spectral_gap,relaxation_time,tv_mixing_bound,basin_gap_mean,t_phi_s,t_settle_s,eps_conv,t_max,eps_flip,observable
memoryless,g2_core,3,triadic,2.00000000,3,1.50000000,2,8,0.50000000,1.00000000,0.50000000,20.12500000,101.00000000,2.00000000,0,0.03333333,30.00000000,42,0.00553385,0.05377980,0.00071253,0.01000000,256,0.05000000,"{W,C}"
sticky,g2_core,3,dyadic,0.00000000,2,1.00000000,1,8,0.87500000,2.00000000,0.87500000,38.50000000,101.00000000,1.00000000,0,0.01694452,59.01612455,82,0.00729167,0.01442749,0.00063827,0.01000000,256,0.05000000,"{W,C}"
xor_memory,g2_core,3,triadic,2.00000000,2,2.25000000,3,8,0.50000000,1.00000000,0.50000000,18.62500000,101.00000000,3.00000000,0,0.03333333,30.00000000,42,0.00729167,0.05497191,0.00057786,0.01000000,256,0.05000000,"{W,C}"
or_commit,g2_core,3,triadic,2.00000000,3,1.50000000,2,8,0.50000000,1.00000000,0.50000000,20.12500000,101.00000000,2.00000000,0,0.03333333,30.00000000,42,0.00553385,0.05933902,0.00059309,0.01000000,256,0.05000000,"{W,C}"
sticky_or,g2_core,3,triadic,2.00000000,2,1.00000000,1,8,1.12500000,2.00000000,1.12500000,51.00000000,201.00000000,1.00000000,0,0.04971273,20.11557239,28,0.00669643,0.05156370,0.00063534,0.01000000,256,0.05000000,"{W,C}"
sticky_parity,g2_core,3,triadic,0.50000000,2,1.00000000,1,8,1.00000000,2.00000000,1.00000000,63.50000000,201.00000000,51.00000000,0,0.06666667,15.00000000,21,0.00846354,0.05165607,0.00063140,0.01000000,256,0.05000000,"{W,C}"
parity_hub,g2_core,3,triadic,0.50000000,1,1.00000000,1,8,2.12500000,3.00000000,2.12500000,95.50000000,257.00000000,51.00000000,2,0.99999741,1.00000259,2,0.01171875,0.10377396,0.00064968,0.01000000,256,0.05000000,"{W,C}"
maj3,g2_core,3,dyadic,0.00000000,2,1.00000000,1,8,0.75000000,1.00000000,0.75000000,26.00000000,101.00000000,1.00000000,0,0.00000000,inf,inf,0.00585938,0.00951487,0.00061662,0.01000000,256,0.05000000,"{W,C}"
w_follows_c,g2_core,3,triadic,2.00000000,2,1.00000000,1,8,2.25000000,5.00000000,2.25000000,70.50000000,257.00000000,1.00000000,2,0.04908793,20.37160692,29,0.01171875,0.07950515,0.00064415,0.01000000,256,0.05000000,"{W,C}"
chat_dyad,classifier,3,dyadic,0.00000000,6,1.50000000,2,8,0.00000000,0.00000000,0.00000000,1.25000000,2.00000000,1.00000000,0,0.03333333,30.00000000,42,0.00000000,0.00372700,0.00066773,0.01000000,256,0.05000000,"{W,C}"
gig_dyadic_model,classifier,3,dyadic,0.00000000,1,4.00000000,4,8,0.87500000,3.00000000,0.87500000,43.00000000,257.00000000,3.00000000,1,0.03333333,30.00000000,42,0.00683594,0.00282637,0.00054820,0.01000000,256,0.05000000,"{W,C}"
ats_triad_mediator,classifier,3,triadic,2.00000000,3,1.50000000,2,8,0.50000000,1.00000000,0.50000000,20.12500000,101.00000000,2.00000000,0,0.03333333,30.00000000,42,0.00553385,0.05363306,0.00068624,0.01000000,256,0.05000000,"{W,C}"
ats_feedback_factors,classifier,3,dyadic,0.00000000,2,3.25000000,4,8,0.37500000,1.00000000,0.37500000,20.50000000,101.00000000,2.00000000,0,0.04173882,23.95851261,34,0.00520833,0.02801378,0.00055940,0.01000000,256,0.05000000,"{W,C}"
gig_false_dyad,classifier,3,triadic,2.00000000,1,1.00000000,1,8,2.37500000,5.00000000,2.37500000,89.25000000,257.00000000,51.00000000,2,0.63809159,1.56717314,3,0.01245117,0.06211815,0.00067514,0.01000000,256,0.05000000,"{W,C}"
ejected_latch,ejection,3,triadic,2.00000000,2,1.00000000,1,8,1.12500000,2.00000000,1.12500000,51.00000000,201.00000000,1.00000000,0,0.04971273,20.11557239,28,0.00669643,0.05031692,0.00072878,0.01000000,256,0.05000000,"{W,C}"
ejected_latch_or,ejection,3,dyadic,0.00000000,2,1.00000000,1,8,0.87500000,2.00000000,0.87500000,38.50000000,101.00000000,1.00000000,0,0.01694452,59.01612455,82,0.00729167,0.01429087,0.00060903,0.01000000,256,0.05000000,"{W,C}"
rand3_20260930_00,random_n3,3,dyadic,0.00000000,2,1.50000000,2,8,0.87500000,2.00000000,0.87500000,38.87500000,201.00000000,2.00000000,0,0.03333333,30.00000000,42,0.00585938,0.00208580,0.00059246,0.01000000,256,0.05000000,"{W,C}"
rand3_20260930_01,random_n3,3,dyadic,0.00000000,2,1.50000000,2,8,0.87500000,2.00000000,0.87500000,13.75000000,101.00000000,1.00000000,0,0.03333333,30.00000000,42,0.00195312,0.00260034,0.00058683,0.01000000,256,0.05000000,"{W,C}"
rand3_20260930_02,random_n3,3,dyadic,0.00000000,2,1.00000000,1,8,1.25000000,2.00000000,1.25000000,32.25000000,201.00000000,1.00000000,0,0.03333333,30.00000000,42,0.00390625,0.00205598,0.00060978,0.01000000,256,0.05000000,"{W,C}"
rand3_20260930_03,random_n3,3,dyadic,0.00000000,3,1.50000000,2,8,0.50000000,1.00000000,0.50000000,20.12500000,101.00000000,2.00000000,0,0.03333333,30.00000000,42,0.00390625,0.00208935,0.00060336,0.01000000,256,0.05000000,"{W,C}"
rand3_20260930_04,random_n3,3,dyadic,0.00000000,2,2.00000000,2,8,0.50000000,1.00000000,0.50000000,13.75000000,101.00000000,1.00000000,0,0.03333333,30.00000000,42,0.00195312,0.00209712,0.00060380,0.01000000,256,0.05000000,"{W,C}"
rand3_20260930_05,random_n3,3,triadic,1.00000000,2,2.75000000,3,8,0.87500000,3.00000000,0.87500000,57.00000000,257.00000000,18.50000000,1,0.06096680,16.40237040,23,0.01004464,0.08011618,0.00066704,0.01000000,256,0.05000000,"{W,C}"
rand3_20260930_06,random_n3,3,dyadic,0.00000000,1,3.00000000,3,8,0.87500000,2.00000000,0.87500000,25.12500000,102.00000000,3.00000000,0,0.04170290,23.97914817,34,0.00830078,0.00206534,0.00055496,0.01000000,256,0.05000000,"{W,C}"
rand3_20260930_07,random_n3,3,dyadic,0.00000000,2,1.50000000,2,8,0.87500000,2.00000000,0.87500000,13.75000000,101.00000000,1.00000000,0,0.03333333,30.00000000,42,0.00195312,0.00204684,0.00057177,0.01000000,256,0.05000000,"{W,C}"
rand3_20260930_08,random_n3,3,triadic,2.00000000,1,1.00000000,1,8,2.50000000,5.00000000,2.50000000,89.25000000,257.00000000,51.00000000,2,0.65141214,1.53512645,3,0.01196289,0.06003461,0.00065009,0.01000000,256,0.05000000,"{W,C}"
rand3_20260930_09,random_n3,3,dyadic,0.00000000,2,1.00000000,1,8,1.50000000,3.00000000,1.50000000,76.00000000,201.00000000,51.00000000,0,0.06666667,15.00000000,21,0.00976562,0.00303283,0.00068313,0.01000000,256,0.05000000,"{W,C}"
rand3_20260930_10,random_n3,3,dyadic,0.00000000,1,3.00000000,3,8,0.87500000,2.00000000,0.87500000,15.00000000,67.00000000,3.00000000,0,0.05014621,19.94168649,28,0.00781250,0.00207573,0.00053572,0.01000000,256,0.05000000,"{W,C}"
rand3_20260930_11,random_n3,3,triadic,0.83007500,1,5.00000000,5,8,0.37500000,1.00000000,0.37500000,11.87500000,81.00000000,5.00000000,0,0.04479903,22.32191046,31,0.00708008,0.08100878,0.00053687,0.01000000,256,0.05000000,"{W,C}"
rand3_20260930_12,random_n3,3,dyadic,0.00000000,1,4.00000000,4,8,0.62500000,2.00000000,0.62500000,26.00000000,102.00000000,4.00000000,0,0.04166826,23.99908495,34,0.00683594,0.02004549,0.00055688,0.01000000,256,0.05000000,"{W,C}"
rand3_20260930_13,random_n3,3,dyadic,0.00000000,2,2.00000000,2,8,0.75000000,2.00000000,0.75000000,57.62500000,201.00000000,26.50000000,0,0.05042634,19.83090598,28,0.00976562,0.00296057,0.00057052,0.01000000,256,0.05000000,"{W,C}"
rand3_20260930_14,random_n3,3,dyadic,0.00000000,2,1.00000000,1,8,1.00000000,2.00000000,1.00000000,63.50000000,201.00000000,1.00000000,0,0.06666667,15.00000000,21,0.00948661,0.00221788,0.00061130,0.01000000,256,0.05000000,"{W,C}"
rand3_20260930_15,random_n3,3,dyadic,0.00000000,2,1.00000000,1,8,1.00000000,2.00000000,1.00000000,26.00000000,101.00000000,1.00000000,0,0.03333333,30.00000000,42,0.00520833,0.00157095,0.00060777,0.01000000,256,0.05000000,"{W,C}"
rand3_20260930_16,random_n3,3,dyadic,0.00000000,2,1.75000000,2,8,1.00000000,3.00000000,1.00000000,17.18750000,101.00000000,2.00000000,0,0.04177632,23.93700425,34,0.00618490,0.00241572,0.00056849,0.01000000,256,0.05000000,"{W,C}"
rand3_20260930_17,random_n3,3,dyadic,0.00000000,4,1.00000000,1,8,0.75000000,2.00000000,0.75000000,51.00000000,201.00000000,1.00000000,0,0.05000000,20.00000008,28,0.00468750,0.00248401,0.00072680,0.01000000,256,0.05000000,"{W,C}"
rand3_20260930_18,random_n3,3,dyadic,0.00000000,1,2.00000000,2,8,1.00000000,2.00000000,1.00000000,45.12500000,201.00000000,2.00000000,0,0.06666667,15.00000000,21,0.00878906,0.00162791,0.00056363,0.01000000,256,0.05000000,"{W,C}"
rand3_20260930_19,random_n3,3,triadic,2.00000000,2,1.00000000,1,8,1.00000000,2.00000000,1.00000000,51.00000000,201.00000000,1.00000000,0,0.04970248,20.11972209,28,0.00892857,0.05454981,0.00062188,0.01000000,256,0.05000000,"{W,C}"
and_pool,n4,4,triadic,3.00000000,3,1.50000000,2,16,0.75000000,1.00000000,0.75000000,29.43750000,101.00000000,2.00000000,0,0.03127016,31.97936794,45,0.00701032,0.32873351,0.00158819,0.01000000,256,0.05000000,"{W,C1,C2}"
or_pool,n4,4,triadic,3.00000000,3,1.50000000,2,16,0.75000000,1.00000000,0.75000000,29.43750000,101.00000000,2.00000000,0,0.03127016,31.97936794,45,0.00701032,0.34539590,0.00161728,0.01000000,256,0.05000000,"{W,C1,C2}"
maj_homog,n4,4,dyadic,0.00000000,2,1.00000000,1,16,0.87500000,1.00000000,0.87500000,32.25000000,101.00000000,1.00000000,0,0.00000000,inf,inf,0.00653409,0.01990868,0.00161678,0.01000000,256,0.05000000,"{W,C1,C2}"
chain_ws_c1c2,n4,4,dyadic,0.00000000,3,1.50000000,2,16,1.25000000,2.00000000,1.25000000,32.62500000,201.00000000,2.00000000,0,0.02500000,40.00000000,56,0.00520833,0.00469784,0.00159543,0.01000000,256,0.05000000,"{W,C1,C2}"
hub_s,n4,4,triadic,0.25000000,3,1.50000000,2,16,0.75000000,1.00000000,0.75000000,38.75000000,101.00000000,26.50000000,0,0.05032900,19.86925855,28,0.00781250,0.77413462,0.00163399,0.01000000,256,0.05000000,"{W,C1,C2}"
dual_latch,n4,4,dyadic,0.00000000,2,1.00000000,1,16,0.93750000,2.00000000,0.93750000,44.75000000,101.00000000,1.00000000,0,0.01265627,79.01219322,110,0.00768849,0.02971876,0.00173689,0.01000000,256,0.05000000,"{W,C1,C2}"
